{
    "parent": "minecraft:recipes/root",
    "rewards": {
        "recipes": [
            "thenethersurvivalist:dropper"
        ]
    },
    "criteria": {
        "has_the_recipe": {
            "trigger": "minecraft:recipe_unlocked",
            "conditions": {
                "recipe": "minecraft:dropper"
            }
        },
        "has_item_0": {
            "trigger": "minecraft:inventory_changed",
            "conditions": {
                "items": [
                    {
                        "item": "minecraft:blackstone"
                    }
                ]
            }
        },
        "has_item_1": {
            "trigger":"minecraft:inventory_changed",
            "conditions": {
                "items" : [
                    {
                        "item":"minecraft:redstone"
                    }
                ]
            }
        }
    },
    "requirements": [
        [
            "has_item_0",
            "has_the_recipe"
        ],
        [
            "has_item_1",
            "has_the_recipe"
        ]
    ]
}