{
    "parent": "minecraft:recipes/root",
    "rewards": {
        "recipes": [
            "thenethersurvivalist:grindstone"
        ]
    },
    "criteria": {
        "has_the_recipe": {
            "trigger": "minecraft:recipe_unlocked",
            "conditions": {
                "recipe": "minecraft:grindstone"
            }
        },
        "has_item_0": {
            "trigger": "minecraft:inventory_changed",
            "conditions": {
                "items": [
                    {
                        "item": "minecraft:polished_blackstone_slab"
                    }
                ]
            }
        },
        "has_item_1": {
            "trigger":"minecraft:inventory_changed",
            "conditions": {
                "items" : [
                    {
                        "tag":"minecraft:planks"
                    }
                ]
            }
        },
        "has_item_2": {
            "trigger":"minecraft:inventory_changed",
            "conditions": {
                "items" : [
                    {
                        "item":"minecraft:stick"
                    }
                ]
            }
        }
    },
    "requirements": [
        [
            "has_item_0",
            "has_the_recipe"
        ],
        [
            "has_item_1",
            "has_the_recipe"
        ],
        [
            "has_item_2",
            "has_the_recipe"
        ]
    ]
}