{
  "display": {
    "icon": {
      "item": "minecraft:skeleton_skull"
    },
    "title": "Are you having fun? 3",
    "description": "500 Deaths",
    "frame": "task",
    "show_toast": true,
    "announce_to_chat": true,
    "hidden": false
  },
  "parent": "tns:are_you_having_fun2",
  "criteria": {
    "DeathCounter": {
      "trigger": "minecraft:location",
      "conditions": {
        "player": [
          {
            "condition": "minecraft:entity_scores",
            "entity": "this",
            "scores": {
              "DeathCounter": 500
            }
          }
        ]
      }
    }
  },
  "requirements": [
    [
      "DeathCounter"
    ]
  ]
}