{
  "display": {
    "icon": {
      "item": "minecraft:grass_block"
    },
    "title": "How Did You Get There?",
    "description": "Go in the Overworld",
    "frame": "task",
    "show_toast": true,
    "announce_to_chat": true,
    "hidden": false
  },
  "parent": "global:custom",
  "criteria": {
    "entered_overworld": {
      "trigger": "minecraft:changed_dimension",
      "conditions": {
        "to": "minecraft:overworld"
      }
    }
  },
  "requirements": [
    [
      "entered_overworld"
    ]
  ]
}