{
  "display": {
    "icon": {
      "item": "minecraft:netherite_chestplate",
      "nbt": "{Damage:0}"
    },
    "title": "King Of The Nether",
    "description": "Netherite full armor",
    "frame": "task",
    "show_toast": true,
    "announce_to_chat": true,
    "hidden": false
  },
  "parent": "global:custom",
  "criteria": {
    "netherite_armor": {
      "trigger": "minecraft:inventory_changed",
      "conditions": {
        "items": [
          {
            "item": "minecraft:netherite_helmet"
          },
          {
            "item": "minecraft:netherite_chestplate"
          },
          {
            "item": "minecraft:netherite_leggings"
          },
          {
            "item": "minecraft:netherite_boots"
          }
        ]
      }
    }
  },
  "requirements": [
    [
      "netherite_armor"
    ]
  ]
}