{
  "parent": "global:custom",
  "display": {
    "icon": {
      "item": "minecraft:enchanted_book"
    },
    "title": {
      "translate": "OverKill"
    },
    "description": {
      "translate": "Ten level enchantment"
    },
    "frame": "task",
    "show_toast": true,
    "announce_to_chat": true,
    "hidden": false
  },
  "criteria": {
    "tenlevel": {
      "trigger": "minecraft:inventory_changed",
      "conditions": {
        "items": [
          {
            "enchantments": [
              {
                "levels": 10
              }
            ]
          }
        ]
      }
    }
  },
  "requirements": [
    [
      "tenlevel"
    ]
  ]
}