{
  "parent": "tns:stonks2",
  "display": {
    "icon": {
      "item": "minecraft:gold_ingot"
    },
    "title": {
      "translate": "Stonks 3"
    },
    "description": {
      "translate": "1000 Piglin Trade"
    },
    "frame": "task",
    "show_toast": true,
    "announce_to_chat": true,
    "hidden": false
  },
  "criteria": {
    "trade": {
      "trigger": "minecraft:location",
      "conditions": {
        "player": [
          {
            "condition": "minecraft:entity_scores",
            "entity": "this",
            "scores": {
              "Scambi": 1000
            }
          }
        ]
      }
    }
  },
  "requirements": [
    [
      "trade"
    ]
  ]
}