{
  "display": {
    "icon": {
      "item": "minecraft:netherite_hoe"
    },
    "title": "Was It Really Necessary?",
    "description": "Craft a netherite hoe",
    "frame": "task",
    "show_toast": true,
    "announce_to_chat": true,
    "hidden": false
  },
  "parent": "global:custom",
  "criteria": {
    "netherite_hoe": {
      "trigger": "minecraft:inventory_changed",
      "conditions": {
        "items": [
          {
            "item": "minecraft:netherite_hoe"
          }
        ]
      }
    }
  },
  "requirements": [
    [
      "netherite_hoe"
    ]
  ]
}