{
  "display": {
    "icon": {
      "item": "minecraft:lead"
    },
    "title": "Yeehaw",
    "description": "Leash a Wither Boss",
    "frame": "task",
    "show_toast": true,
    "announce_to_chat": true,
    "hidden": false
  },
  "parent": "global:custom",
  "criteria": {
    "wither": {
      "trigger": "minecraft:player_interacted_with_entity",
      "conditions": {
        "item": {
          "items": [
            "minecraft:lead"
          ]
        },
        "entity": [
          {
            "condition": "minecraft:entity_properties",
            "entity": "this",
            "predicate": {
              "type": "minecraft:wither"
            }
          }
        ]
      }
    }
  },
  "requirements": [
    [
      "wither"
    ]
  ]
}