{
  "config": {
    "feature": {
      "config": {
        "state_provider": {
          "entries": [
            {
              "weight": 82,
              "data": {
                "Name": "minecraft:crimson_roots"
              }
            },
            {
              "weight": 11,
              "data": {
                "Name": "minecraft:crimson_fungus"
              }
            },
            {
              "weight": 1,
              "data": {
                "Name": "minecraft:warped_fungus"
              }
            },
            {
              "weight": 3,
              "data":{
                "Name": "minecraft:fire_coral",
                "Properties": {
                  "waterlogged" : "false"
                }
              }
            },
            {
              "weight": 3,
              "data":{
                "Name": "minecraft:fire_coral_fan",
                "Properties": {
                  "waterlogged" : "false"
                }
              }
            }
          ],
          "type": "minecraft:weighted_state_provider"
        }
      },
      "type": "minecraft:nether_forest_vegetation"
    },
    "decorator": {
      "config": {
        "count": 6
      },
      "type": "minecraft:count_multilayer"
    }
  },
  "type": "minecraft:decorated"
}