{
  "criteria": {
    "trigger": {
      "trigger": "minecraft:tick"
    }
  },
  "display": {
    "announce_to_chat": false,
    "description": "NoNetherPortal",
    "icon": {
      "item": "minecraft:player_head",
      "nbt": "{display:{Name:\"{\\\"text\\\":\\\"Nether Portal\\\"}\"},SkullOwner:{Id:[I;-1373735577,188237431,-1750146051,-1714184257],Properties:{textures:[{Value:\"eyJ0ZXh0dXJlcyI6eyJTS0lOIjp7InVybCI6Imh0dHA6Ly90ZXh0dXJlcy5taW5lY3JhZnQubmV0L3RleHR1cmUvYjBiZmMyNTc3ZjZlMjZjNmM2ZjczNjVjMmM0MDc2YmNjZWU2NTMxMjQ5ODkzODJjZTkzYmNhNGZjOWUzOWIifX19\"}]}}}"
    },
    "show_toast": false,
    "title": "NoNetherPortal"
  },
  "parent": "global:credits"
}