{
     "criteria": {
          "trigger": {
               "trigger": "minecraft:tick"
          }
     },
     "display": {
          "announce_to_chat": false,
          "description": "Enderman No Grief",
          "icon": {
               "item": "minecraft:player_head",
               "nbt": "{display:{Name:\"{\\\"text\\\":\\\"Enderman\\\"}\"},SkullOwner:{Id:[I;1850552016,99109209,-1335040439,-653184183],Properties:{textures:[{Value:\"eyJ0ZXh0dXJlcyI6eyJTS0lOIjp7InVybCI6Imh0dHA6Ly90ZXh0dXJlcy5taW5lY3JhZnQubmV0L3RleHR1cmUvOTZjMGIzNmQ1M2ZmZjY5YTQ5YzdkNmYzOTMyZjJiMGZlOTQ4ZTAzMjIyNmQ1ZTgwNDVlYzU4NDA4YTM2ZTk1MSJ9fX0=\"}]}}}"
          },
          "show_toast": false,
          "title": "EndermanNoGrief"
     },
     "parent": "global:credits"
}