{
  "criteria": {
    "has_item": {
      "conditions": {
        "items": [
          {
            "item": "minecraft:brick_vertical_slab"
          }
        ]
      },
      "trigger": "minecraft:inventory_changed"
    },
    "has_the_recipe": {
      "conditions": {
        "recipe": "minecraft:brick_vertical_slab"
      },
      "trigger": "minecraft:recipe_unlocked"
    }
  },
  "parent": "minecraft:recipes/root",
  "requirements": [
    [
      "has_item",
      "has_the_recipe"
    ]
  ],
  "rewards": {
    "recipes": [
      "minecraft:brick_vertical_slab"
    ]
  }
}