{
  "parent": "minecraft:recipes/root",
  "rewards": {
    "recipes": [
      "thenethersurvivalist:black_dye_from_flint"
    ]
  },
  "criteria": {
    "has_ink_sac": {
      "trigger": "minecraft:inventory_changed",
      "conditions": {
        "items": [
          {
            "item": "minecraft:flint"
          }
        ]
      }
    },
    "has_the_recipe": {
      "trigger": "minecraft:recipe_unlocked",
      "conditions": {
        "recipe": "thenethersurvivalist:black_dye_from_flint"
      }
    }
  },
  "requirements": [
    [
      "has_ink_sac",
      "has_the_recipe"
    ]
  ]
}